,Gfit,NRfit,NRres,NTRfit,NTRres,NTfit,NTres,Nfit,Nres,Tfit,Tres,delta_t,g(t),std_err,std_err_fit
7,1.25015927296,1.25310547954,0.321291848633,1.2622171025,0.935758957752,1.26159308345,0.893669962611,1.25244672173,0.276860250632,1.2501592588,0.122598983057,1e-07,1.2483413,0.051157769,0.0148284982235
8,1.25012246695,1.25306510909,0.889232572824,1.26212544968,1.53335511994,1.26151125847,1.48968381035,1.25240728237,0.842459259302,1.2501224528,0.680024980173,1.13e-07,1.2405571,0.071382691,0.0140661785587
9,1.25008850168,1.25302785723,-1.72309019488,1.26204107523,-1.05332455066,1.26143588279,-1.09830316461,1.25237088827,-1.77191612358,1.25008848753,-1.94151961472,1.25e-07,1.27621605,0.052816844,0.0134572745353
10,1.25005171626,1.25298751572,-0.989998206043,1.26194991633,-0.294086489958,1.26135439322,-0.340335138181,1.25233147375,-1.04094585411,1.25005170212,-1.21796532527,1.38e-07,1.26573745,0.044983185,0.0128786489678
11,1.25001777,1.25295028945,-1.4034700352,1.26186599456,-0.684760276542,1.26127932612,-0.73206039206,1.25229510257,-1.4562933666,1.25001775586,-1.63987401507,1.5e-07,1.27036065,0.061490751,0.0124051567086
12,1.24998100516,1.2529099749,-2.00558922629,1.26177532728,-1.26347515517,1.26119816972,-1.31179680796,1.25225571287,-2.06036507978,1.24998099103,-2.25078082623,1.63e-07,1.276869,0.053546431,0.0119460805123
13,1.24994707789,1.25287277565,0.00904712978145,1.26169185782,0.771684730475,1.26112340912,0.722519297228,1.25221936459,-0.0474653195699,1.24994706376,-0.243964413825,1.75e-07,1.25276825,0.059631139,0.0115639252098
14,1.24991033362,1.25283249355,0.852251339523,1.26160167418,1.63605867443,1.26104258365,1.58607741983,1.25217999969,0.793922059775,1.2499103195,0.591053536112,1.88e-07,1.24329765,0.051922192,0.0111879366226
15,1.24987642532,1.25279531486,-1.29636629212,1.26151865093,-0.493918957087,1.26096812751,-0.544569684868,1.25214367429,-1.35631833969,1.24987641121,-1.56488058249,2e-07,1.2668881,0.066580402,0.0108709181921
16,1.24980581226,1.25271790786,-3.5728673213,1.26134636773,-2.73408735368,1.26081347703,-2.78589946427,1.2520680316,-3.63605150448,1.24980579816,-3.85596510369,2.25e-07,1.2894718,0.03804283,0.0102869192997
17,1.24973523867,1.25264055372,-1.34466122562,1.26117500026,-0.472546463001,1.26065945348,-0.525238772427,1.2519924365,-1.41090039131,1.24973522458,-1.64155944852,2.5e-07,1.2657994,0.052690804,0.00978592364561
18,1.24966470452,1.25256325202,-1.89805890509,1.26100454052,-0.995237082456,1.26050605264,-1.04856214833,1.25191688893,-1.96719947185,1.24966469044,-2.20807898688,2.75e-07,1.27031,0.052168994,0.00934989630578
19,1.24959420977,1.25248600347,0.274189383779,1.26083497619,1.20538417348,1.26035327037,1.15164689693,1.25184138884,0.202282448102,1.2495941957,-0.0483560577091,3e-07,1.25002775,0.032336236,0.00896587347683
20,1.2495237544,1.25240880666,-1.35145514089,1.26066631064,-0.393980649895,1.26020110252,-0.447933825758,1.25176593619,-1.42600811573,1.24952374035,-1.68599517673,3.25e-07,1.2640642,0.051311924,0.00862425934271
21,1.24945333837,1.25233166405,0.551278070056,1.26049853058,1.53313546121,1.26004954499,1.47914491469,1.25169053093,0.474187002914,1.24945332433,0.2052200584,3.5e-07,1.24774635,0.048923172,0.00831777526843
22,1.24938296165,1.2522545704,-1.39642915894,1.26033162493,-0.391918177005,1.25989859371,-0.445784389316,1.25161517301,-1.47596005189,1.24938294761,-1.75357293194,3.75e-07,1.26348305,0.044573591,0.00804078469065
23,1.2493126242,1.25217753022,-1.63928382195,1.26016558913,-0.613706645065,1.25974824462,-0.667301225127,1.25153986239,-1.72116516964,1.24931261018,-2.0071193005,4e-07,1.26494575,0.033905107,0.00778884434914
24,1.249172067,1.25202360292,-0.420251865272,1.25983609532,0.6431707526,1.25944933701,0.590512968033,1.25138938287,-0.506593397674,1.249172053,-0.808412326058,4.5e-07,1.2551111,0.031403055,0.00734655671523
25,1.2490316665,1.25186988833,0.517385804901,1.25950999162,1.61358737138,1.25915279035,1.56232255398,1.25123909199,0.426865902098,1.24903165252,0.110142707237,5e-07,1.248264,0.024677183,0.00696961733063
26,1.24889142244,1.2517163774,-0.588986384462,1.25918722118,0.535562889988,1.25885857328,0.486078897339,1.25108898938,-0.683437871496,1.24889140849,-1.01422877742,5.5e-07,1.25562935,0.026138535,0.00664341385493
27,1.24875133457,1.25156307112,0.706486262127,1.25886772569,1.85546208455,1.2585666549,1.80809069185,1.25093907466,0.608321144572,1.24875132064,0.264201439698,6e-07,1.24707165,0.027463984,0.00635753778751
28,1.24861140262,1.25140996908,-1.46046604886,1.25855145333,-0.290563850917,1.25827700472,-0.33553888897,1.25078934749,-1.56214988629,1.24861138871,-1.91893814584,6.5e-07,1.26032525,0.024455274,0.00610434542649
29,1.24847162632,1.25125707105,-1.24153439973,1.25823834683,-0.053854094723,1.2579895927,-0.0961891280241,1.25063980748,-1.3465610764,1.24847161244,-1.71542223048,7e-07,1.258555,0.027509153,0.00587807910205
30,1.24833200543,1.25110437595,-2.43898177919,1.25792835498,-1.23637119355,1.25770438921,-1.27585799556,1.25049045427,-2.54719105983,1.24833199157,-2.92758331835,7.5e-07,1.264944,0.021686858,0.0056743076546
31,1.24819253968,1.25095188374,-1.52338792229,1.25762142188,-0.308437185963,1.25742136505,-0.34489755636,1.2503412875,-1.63463313311,1.24819252584,-2.02606025332,8e-07,1.2593147,0.031485377,0.00548955745069
32,1.24791407258,1.25064750306,-1.76705814555,1.2570165375,-0.534321540378,1.25686173994,-0.564301146478,1.25004351184,-1.88397895559,1.24791405878,-2.29613764294,9e-07,1.25977725,0.021725287,0.00516658539811
33,1.24763622295,1.25034392602,-1.80173292499,1.25642329229,-0.55919313394,1.25631049183,-0.582267365014,1.24974647758,-1.92386145239,1.2476362092,-2.35517123915,1e-06,1.25915935,0.020080471,0.00489269765594
34,1.24735898875,1.25004114804,-0.645451248938,1.25584130182,0.60010426168,1.2557674015,0.584214114269,1.24945018186,-0.772377262539,1.24735897504,-1.2214534852,1.1e-06,1.2530469,0.019346263,0.00465668568511
35,1.24708236793,1.24973916148,-1.28021497917,1.25527019183,-0.0374583078239,1.25523225587,-0.0460035091123,1.2491546218,-1.41157375587,1.24708235426,-1.87718699702,1.2e-06,1.255437,0.01950961,0.00445061986295
36,1.24680635846,1.24943797016,-1.97704678605,1.25470960566,-0.74209711245,1.25470484779,-0.743234180213,1.24885979457,-2.11251232536,1.24680634484,-2.59355907348,1.3e-06,1.2578775,0.018628272,0.00426871139159
37,1.24653095832,1.24913756242,-3.1708661318,1.25415919341,-1.94805073553,1.25418497591,-1.94179618924,1.24856569733,-3.31014170141,1.24653094474,-3.80562248856,1.4e-06,1.2621592,0.016521397,0.00410662258529
38,1.24625616548,1.24883793726,-0.696201691753,1.25361862402,0.510730991061,1.25367244452,0.524293979382,1.24827232726,-0.839017175744,1.24625615195,-1.34801988001,1.5e-06,1.2515957,0.02347372,0.00396103064383
39,1.24598197795,1.24853908801,0.0202700924395,1.25308757282,1.20807203067,1.25316706335,1.22880477775,1.24797968155,-0.125835845668,1.24598196446,-0.647522668492,1.6e-06,1.24846155,0.015262305,0.0038293416748
40,1.24543541083,1.24794371958,-0.846938983813,1.25205278178,0.294521626481,1.25217701703,0.329005373956,1.24739655211,-0.998960202224,1.24543539742,-1.54374945662,1.8e-06,1.25099265,0.011558616,0.0035998409964
41,1.24489124106,1.24735141938,-1.73666298851,1.25105248171,-0.650004419896,1.25121341846,-0.602782086221,1.24681628687,-1.89380567475,1.24489122774,-2.45901431345,2e-06,1.25326645,0.010674102,0.00340592660167
42,1.24434945292,1.24676216295,-1.40215125235,1.25008444667,-0.376542098929,1.25027492712,-0.317771716404,1.24623886395,-1.56372130589,1.24434943968,-2.14699448332,2.2e-06,1.2513043,0.013639095,0.0032393470851
43,1.2438100308,1.24617592671,-2.24760173269,1.2491466346,-1.28753420291,1.24936027618,-1.21852449533,1.24566426166,-2.41298557831,1.24381001765,-3.01223168278,2.4e-06,1.25313075,0.009724038,0.00309429464052
44,1.24327295925,1.24559267745,-0.284284061583,1.24823713608,0.607151075345,1.24846826841,0.685027940539,1.24509245857,-0.452930927641,1.24327294618,-1.06627419864,2.6e-06,1.2464361,0.0126817,0.00296654821311
45,1.24273822294,1.24501238191,-0.274290527211,1.24735416868,0.546547848321,1.24759777226,0.631896010575,1.24452343345,-0.445701238333,1.24273820995,-1.07144617164,2.8e-06,1.245795,0.013689416,0.00285295718064
46,1.24220580667,1.24443505401,-0.33441624821,1.24649607517,0.414753904097,1.24674771824,0.506182955987,1.24395716531,-0.508151772341,1.24220579376,-1.14475571218,3e-06,1.24535515,0.015180241,0.00275111642123
47,1.24167569537,1.24386062619,1.26301551302,1.24566131045,1.94019349998,1.24591709548,2.03634125459,1.24339363337,1.08736955933,1.24167568255,0.441317970265,3.2e-06,1.24050215,0.013656181,0.00265915423788
48,1.24062232812,1.24272041812,0.180792584449,1.24405610723,0.715249351393,1.24431037385,0.816940074628,1.242274696,0.00241914379767,1.24062231546,-0.65873583462,3.6e-06,1.24226865,0.006813136,0.00249923331175
49,1.23957800325,1.24159158284,0.386942343226,1.24252817426,0.78307732155,1.24277057313,0.885543765437,1.24116645932,0.207113498453,1.23957799074,-0.464699904023,4e-06,1.24067675,0.010959245,0.00236444906998
50,1.23854260484,1.24047393121,-1.43856301538,1.24106849501,-1.17415943601,1.24129140636,-1.07509593535,1.24006876458,-1.61875573682,1.23854259249,-2.29738329795,4.4e-06,1.2437092,0.00968936,0.0022489096664
51,1.23751601896,1.23936729383,-1.99963717783,1.23966922708,-1.85907512781,1.23986725316,-1.76696573937,1.23898145625,-2.17925510289,1.23751600677,-2.86134060287,4.8e-06,1.24366355,0.008872597,0.00214848355608
52,1.23649813359,1.23827148527,0.590483976379,1.23832356702,0.61579713052,1.23849308788,0.698016445763,1.23790438193,0.412261499872,1.23649812155,-0.270330302716,5.2e-06,1.23705505,0.011045102,0.00206017765244
53,1.23548883861,1.23718633972,0.565558925325,1.23702558143,0.484476989503,1.23716441541,0.554463248533,1.23683739227,0.38944707311,1.23548882673,-0.291040312226,5.6e-06,1.2360656,0.012039978,0.00198176419702
54,1.23448802577,1.23611168944,-0.198320916423,1.23577012287,-0.376964687791,1.23587721406,-0.321015389506,1.23578034087,-0.371693294009,1.23448801403,-1.04775669922,6e-06,1.23649085,0.011338929,0.001911546804
55,1.23349558859,1.23504737189,-0.463485179846,1.23455270139,-0.731088619185,1.23462788452,-0.690487919982,1.23473308425,-0.633568073183,1.233495577,-1.30313940035,6.4e-06,1.23590405,0.006686922,0.0018482082598
56,1.23153542423,1.23294910693,1.1973295803,1.23221686435,0.776121252581,1.23223028795,0.78375759153,1.23266739542,1.03522698326,1.23153541293,0.38399366068,7.2e-06,1.23086795,0.006629141,0.00173821340568
57,1.22960752871,1.23089031256,0.88415826335,1.2299924672,0.338632774351,1.2299496708,0.31253320435,1.23063923302,0.731553962333,1.22960751769,0.104619762781,8e-06,1.22943535,0.008532722,0.00164565169443
58,1.22771111186,1.22886982045,-0.93164038796,1.22786003312,-1.57622404943,1.22776839413,-1.63482749148,1.22864754619,-1.07357371702,1.22771110111,-1.67140355304,8.8e-06,1.2303292,0.006252342,0.00156640739559
59,1.2258454091,1.22688650541,1.03842878522,1.22580468983,0.316138976677,1.22567225867,0.227602986041,1.22669132395,0.908067700426,1.22584539862,0.343214448442,9.6e-06,1.2253314,0.008607764,0.00149760193546
60,1.22400968042,1.22493928896,1.25844745246,1.22381503809,0.476253939318,1.22364980764,0.361170364804,1.22476959325,1.14033888635,1.2240096702,0.611569704603,1.04e-05,1.22313075,0.007623038,0.0014371545781
61,1.22220320939,1.22302713265,0.57669893507,1.2218822993,-0.250691717797,1.22169177195,-0.388522174614,1.22288141723,0.471346575693,1.22220319942,-0.0188653507982,1.12e-05,1.2222293,0.007173455,0.00138351961414
62,1.22042530221,1.22114906354,0.530505973793,1.21999967298,-0.330030045431,1.21979062867,-0.486679611325,1.22102589348,0.43825071972,1.22042529249,-0.011461817313,1.2e-05,1.2204406,0.008142603,0.0013355220088
63,1.21867528689,1.21930410875,1.49858297267,1.21816185304,0.614664319492,1.21794024953,0.443141197051,1.21920215246,1.41965673933,1.2186752774,1.01193783449,1.28e-05,1.2173676,0.005290998,0.00129225072881
64,1.21525634748,1.21570993067,1.22926715239,1.21460478179,0.321402171957,1.21437262177,0.130526982574,1.21564669577,1.17728965521,1.21525633846,0.856577149811,1.44e-05,1.21421375,0.005552922,0.00121715651187
65,1.21194141907,1.21223770294,0.208602438358,1.21118677737,-0.701950692896,1.21095845436,-0.899944515915,1.21220869285,0.183440966253,1.21194141049,-0.0481707080839,1.6e-05,1.211997,0.005040028,0.00115401074172
66,1.20872582749,1.20888100451,0.66944267528,1.20789177194,-0.229745499063,1.20767670934,-0.425408096328,1.20888222683,0.670536209326,1.20872581933,0.528345061639,1.76e-05,1.20814465,0.00485157,0.00109998061667
67,1.20560517451,1.20563389188,0.960755464681,1.20470852094,0.0821693399193,1.20451241632,-0.104201800469,1.20566178073,0.987221018917,1.20560516675,0.933461054,1.92e-05,1.20462215,0.005367506,0.00105308812316
68,1.20257531778,1.20249083194,1.20371577113,1.20162864255,0.35181262207,1.20145455424,0.179615833115,1.20254220361,1.25446858539,1.20257531039,1.28718585093,2.08e-05,1.2012728,0.003938338,0.0010119054621
69,1.19963235245,1.19944667096,-0.00109475893164,1.19864552144,-0.822323317521,1.19849470055,-0.977112586655,1.19951868028,0.0727211710532,1.19963234543,0.189256199617,2.24e-05,1.19944775,0.004930437,0.000975373216938
70,1.19677259444,1.19649660082,-0.875625967742,1.19575366085,-1.66357994561,1.19562616744,-1.79898825454,1.19658670391,-0.780053418263,1.19677258777,-0.582868251077,2.4e-05,1.19732205,0.00492986,0.000942686841615
71,1.19399256504,1.1936361562,0.483903002975,1.19294828328,-0.269172615026,1.19284344744,-0.384136761276,1.19374205134,0.599854890954,1.1939925587,0.874166124315,2.56e-05,1.19319425,0.004676338,0.000913223097
72,1.18865872044,1.18816754879,1.61930563424,1.18758039634,0.938402491503,1.18751729775,0.865039101689,1.18829911164,1.77191355929,1.18865871471,2.18903947681,2.88e-05,1.18677155,0.002971574,0.000862097155867
73,1.18360658769,1.18301033133,1.68649970213,1.18251208931,1.07840724733,1.18248499339,1.04515212388,1.18316095211,1.87038882152,1.18360658253,2.41443178282,3.2e-05,1.1816289,0.003585983,0.000819108887297
74,1.17881442886,1.17813764906,0.549184120013,1.17771777108,0.0126683212482,1.17772093311,0.0165316185287,1.17830197329,0.75924053771,1.17881442422,1.41427590649,3.52e-05,1.177708,0.003720085,0.000782325579439
75,1.1742626864,1.17352569617,-0.248754921826,1.17317496744,-0.715948159751,1.17320316801,-0.678548466185,1.17369941845,-0.0172328988102,1.17426268223,0.73338628448,3.84e-05,1.17371235,0.003020235,0.000750398857471
76,1.16993371648,1.16915335034,0.213310208235,1.16886370843,-0.187455080459,1.1689124144,-0.120211629875,1.16933298429,0.462008011253,1.16993371275,1.29363173675,4.16e-05,1.16899925,0.004172515,0.000722356077493
77,1.16581156052,1.16500176048,0.713134200954,1.16476617765,0.375577723018,1.16483150456,0.469054972863,1.16518449465,0.975151421254,1.16581155718,1.87419681802,4.48e-05,1.16450435,0.003165484,0.000697475938142
78,1.16188174864,1.16105405312,1.28364947927,1.16086637624,1.00591045128,1.16094503687,1.12222249231,1.16123762539,1.55555157853,1.16188174568,2.50950578389,4.8e-05,1.1601873,0.004363045,0.000675210907246
79,1.15813113006,1.15729507104,1.19730729598,1.15714989952,0.975936070448,1.15723912518,1.11194327968,1.15747767137,1.47605978302,1.15813112744,2.47349403935,5.12e-05,1.15651065,0.003764945,0.000655136991891
80,1.15112060254,1.15029005081,0.145297872355,1.15021616742,0.0264129302388,1.15031986761,0.193404666635,1.15046662178,0.429993030048,1.15112060053,1.48429880405,5.76e-05,1.1501999,0.002146234,0.000620293252289
81,1.14469602678,1.14389235844,-2.04273050502,1.14387488445,-2.07206715789,1.14398634864,-1.88364637236,1.14405922715,-1.76032874874,1.14469602531,-0.682803534336,6.4e-05,1.14509955,0.003331908,0.000590982138805
82,1.13878691651,1.1380242006,-0.22023101546,1.1380514218,-0.171892735235,1.13816589464,0.0302084226803,1.13817917998,0.0536853098278,1.1387869155,1.12763172834,7.04e-05,1.1381488,0.002612994,0.000565889983102
83,1.13333365488,1.13262080158,0.94968397198,1.13268342283,1.06501289901,1.13279753314,1.27454981483,1.13276269619,1.21052311819,1.13333365426,2.25988461067,7.68e-05,1.13210405,0.001732804,0.000544100461618
84,1.12828547703,1.12762772532,-0.03467629071,1.12771836559,0.138226627708,1.12782970562,0.350137520553,1.1277560213,0.209773778468,1.12828547676,1.21835133961,8.32e-05,1.1276459,0.00240561,0.000524952649398
85,1.12359888602,1.12299884724,2.05838078763,1.12311154082,2.28047838216,1.12321850153,2.49086628628,1.12311351418,2.28418055292,1.12359888606,3.23971897144,8.96e-05,1.12195325,0.002286771,0.000507956423481
86,1.11923639706,1.11869493537,-0.803961484432,1.11882483017,-0.540104168408,1.11892627838,-0.334398892951,1.1187961572,-0.59847578917,1.11923639737,0.294977982511,9.6e-05,1.11909105,0.001974139,0.000492739725991
87,1.11516553346,1.11468213183,-0.615424545423,1.11482536643,-0.316165837655,1.1149205722,-0.117591040004,1.11477038543,-0.431123913996,1.11516553401,0.393796096258,0.0001024,1.1149769,0.00244194,0.000479014426412
88,1.10778911214,1.10741713819,-0.325238439957,1.10757811151,0.0286499934895,1.10765970712,0.207737770784,1.1074812113,-0.184409578042,1.10778911309,0.492036923568,0.0001152,1.10756515,0.001395485,0.000455175372151
89,1.10128276582,1.10101313939,-0.278641333,1.10118313789,0.112298351619,1.10125072649,0.267467478852,1.10105552026,-0.181173985376,1.10128276709,0.341106218359,0.000128,1.10113435,0.00174201,0.000435105193797
90,1.09550123205,1.09532321389,-0.0450162136218,1.09549648793,0.369831955128,1.09555045549,0.498803960225,1.09534658411,0.010969108747,1.09550123357,0.381022994428,0.0001408,1.095342,0.001243981,0.000417910648621
91,1.0903298789,1.09023263258,-0.771630945651,1.09040526823,-0.342998066974,1.09044637654,-0.241144086254,1.09023945358,-0.754640761597,1.09032988063,-0.530238464075,0.0001536,1.09054355,0.001752298,0.000402968453862
92,1.08567703574,1.08565024228,-0.115645665327,1.08581955982,0.318909856421,1.08584878935,0.39373519849,1.08564273762,-0.134834505679,1.08567703763,-0.0468471524382,0.0001664,1.0856953,0.001769731,0.000389828879193
93,1.08146851829,1.08150268378,-1.13415295849,1.08166694097,-0.69958041149,1.08168527097,-0.65125910685,1.08148282203,-1.18661413611,1.08146852032,-1.22443352033,0.0001792,1.08193155,0.001819263,0.000378158286823
94,1.07764364903,1.07773019797,-0.814172612426,1.07788839722,-0.383725734183,1.07789668258,-0.361344102501,1.07769971954,-0.897001614842,1.07764365116,-1.04948427109,0.000192,1.07802955,0.001818362,0.00036770330742
95,1.074152317,1.07428363444,0.629455857747,1.07443472533,1.05138179937,1.07443423976,1.04988480342,1.07424403615,0.518986730246,1.07415231922,0.262985570047,0.0002048,1.0740581,0.001605945,0.000358267646898
96,1.06800995851,1.06821137901,-0.0521830384357,1.06834759041,0.346439522857,1.0683318554,0.300279377882,1.06815734862,-0.21017392504,1.06800996087,-0.641300789723,0.0002304,1.0682292,0.001710546,0.000341866302748
97,1.06278027036,1.06303096954,0.281068136035,1.06315209126,0.65046845978,1.06312413942,0.565134892309,1.06296651071,0.0846248293977,1.0627802728,-0.48309656913,0.000256,1.06293875,0.001043069,0.000328044550664
98,1.05827420358,1.05855830535,0.581260727242,1.05866483269,0.918333285655,1.05862723018,0.799291360648,1.05848646135,0.354092033155,1.05827420608,-0.317192288358,0.0002816,1.0583745,0.001351949,0.000316192809854
99,1.05435154428,1.05465697019,-1.6340861605,1.05474978989,-1.33048377907,1.0547046519,-1.4781616956,1.05458010304,-1.88533659962,1.05435154682,-2.63253217742,0.0003072,1.0551568,0.001417111,0.000305885409128
100,1.05090610151,1.05122369871,-2.35167762036,1.0513038282,-2.08156616827,1.05125291463,-2.25320622291,1.05114364261,-2.62135482161,1.05090610407,-3.42164645757,0.0003328,1.0519217,0.001138197,0.000296814982596
101,1.04785597795,1.04817887324,0.120388825628,1.04824736862,0.357737974383,1.0481920799,0.166162220024,1.04809701592,-0.163059847118,1.04785598052,-0.99780481794,0.0003584,1.0481441,0.001510781,0.000288753349005
102,1.0451369987,1.04546003207,-0.458490027766,1.0455179036,-0.25279614811,1.04545939845,-0.460707159639,1.04537744684,-0.751803836819,1.04513700126,-1.60587994557,0.000384,1.0455891,0.001244131,0.000281527109095
103,1.04269816348,1.04301745575,-0.0198277013677,1.04306563505,0.155491179358,1.04300491048,-0.0654160029379,1.04293500265,-0.319624592205,1.04269816604,-1.18084288097,0.0004096,1.0430229,0.00109791,0.000275001838928
104,1.03850440108,1.0388082831,-0.630657089701,1.03883953108,-0.512027945245,1.03877682798,-0.749937694783,1.03872803592,-0.935000577686,1.03850440361,-1.78321314828,0.0004608,1.03897455,0.00099181,0.000263651259089
105,1.03502829404,1.03531035424,-2.03048438837,1.0353276926,-1.96214682638,1.03526537191,-2.20750548515,1.03523420672,-2.33016554975,1.03502829654,-3.14058740387,0.000512,1.03582625,0.000781815,0.000254077776601
106,1.03210079606,1.0323582602,-2.05376147827,1.03236419959,-2.02951746241,1.03230356399,-2.27621159364,1.03228710063,-2.34317312783,1.03210079851,-3.10092107449,0.0005632,1.0328632,0.000919734,0.000245862911943
107,1.02960206813,1.02983421485,-1.00722206075,1.02983068304,-1.0219395944,1.02977260226,-1.26531142308,1.02976841559,-1.28284988187,1.02960207054,-1.97968770837,0.0006144,1.03007465,0.00096717,0.000238714145609
108,1.02744478938,1.02765192822,0.0607779994115,1.027640453,0.0114749568712,1.02758562766,-0.224474332264,1.02759171301,-0.198291809003,1.02744479174,-0.830428586149,0.0006656,1.0276378,0.001092905,0.000232420059863
109,1.02556382874,1.025746782,-0.865516239894,1.02572855373,-0.945817155115,1.02567764955,-1.17029484655,1.02569234853,-1.10549124059,1.02556383106,-1.67208790095,0.0007168,1.0259431,0.001264751,0.000226823566977
110,1.02390961806,1.02406945555,0.0358632854901,1.02404551706,-0.0720065199903,1.023999063,-0.281494749506,1.02402100013,-0.182592090613,1.02390962033,-0.684743503411,0.000768,1.0240615,0.000909347,0.000221805196452
111,1.02244376618,1.02258169477,1.69462218207,1.02255305237,1.56284521425,1.022511346,1.3708422529,1.02253937644,1.49985294293,1.0224437684,1.05981498881,0.0008192,1.0222135,0.001304005,0.000217272261358
112,1.0199624744,1.02006135467,1.36832169017,1.02002583274,1.19871097451,1.01999313137,1.0424899855,1.02003063342,1.2215959943,1.01996247654,0.896085568407,0.0009216,1.01977485,0.001048253,0.000209384623193
113,1.0179433763,1.01800997401,0.723746328498,1.01796977878,0.525509323368,1.01794488928,0.402699866997,1.01798913932,0.620970866425,1.01794337836,0.395247017552,0.001024,1.01786325,0.001003681,0.000202729831048
114,1.01626941158,1.01630962689,1.08202236166,1.01626614943,0.861370939514,1.01624809924,0.769720691225,1.01629714655,1.01866839356,1.01626941357,0.87790505813,0.0011264,1.01609645,0.001076006,0.00019701853125
115,1.01485991507,1.01487846916,0.750701304458,1.0148326406,0.512091979683,1.01482084738,0.450654385865,1.0148732753,0.723647877178,1.01485991698,0.654090767127,0.0012288,1.0147343,0.000968328,0.000192048245017
116,1.0136574965,1.01365807347,0.349946825276,1.01361051388,0.096545590998,1.01360472085,0.0656508047356,1.01365948752,0.357471259324,1.01365749835,0.346872094922,0.0013312,1.0135924,0.001054463,0.000187672488734
117,1.01262021394,1.01260565007,0.646972986444,1.01255679365,0.381147228571,1.01255695691,0.382011196037,1.01261328737,0.688517630796,1.01262021573,0.726216331979,0.0014336,1.01248675,0.000780014,0.000183782326055
118,1.01171670611,1.01168917086,3.55070154364,1.01163941965,3.27476718804,1.01164554143,3.30869937792,1.01170285346,3.62657885649,1.01171670783,3.70342172176,0.001536,1.011049,0.000929726,0.000180294840759
119,1.01092305587,1.01088435763,1.83865672072,1.01083431566,1.55617254359,1.01084603979,1.62233607763,1.01090389217,1.94891690705,1.01092305754,2.05710681425,0.0016384,1.01055865,0.000944343,0.000177145658107
120,1.00959504276,1.00953974629,0.889204630631,1.00949039638,0.601735760615,1.00951093641,0.721367700467,1.00956893758,1.05923415949,1.00959504433,1.21131036303,0.0018432,1.0093871,0.00078624,0.000171668912302
121,1.00852933655,1.00846410769,-0.174734244812,1.00841621787,-0.461410361922,1.00844243612,-0.30447856313,1.00849977612,0.0387669924588,1.00852933803,0.21572886662,0.002048,1.0084933,0.000517854,0.000167052425492
122,1.00765654422,1.00758628168,-0.313105276737,1.0075401047,-0.596238011075,1.00756963173,-0.415208236583,1.00762582966,-0.0706358858893,1.00765654562,0.117696158609,0.0022528,1.00763735,0.000691081,0.00016309471752
123,1.00692965247,1.00685763241,-0.113464505498,1.00681318313,-0.391877954968,1.0068445283,-0.195557721994,1.00689930296,0.147524394548,1.0069296538,0.337627444705,0.0024576,1.00687575,0.000631598,0.000159654670592
124,1.00631569167,1.0062439839,1.24520307588,1.00620117672,0.971896143398,1.00623350943,1.17831385647,1.00628670465,1.51793705454,1.00631569293,1.70301180794,0.0026624,1.00604895,0.000625866,0.000156630112205
125,1.00579086814,1.00572069512,1.0441874682,1.00567941176,0.776011045894,1.00571234895,0.989957028788,1.00576388867,1.3247500211,1.00579086934,1.5000117381,0.002867199,1.00555995,0.000801154,0.000153945019774
126,1.00533757816,1.00526959248,-1.04463314572,1.00522970669,-1.30784144699,1.00526315036,-1.08715887824,1.00531301059,-0.758138479532,1.0053375793,-0.596013141373,0.003071999,1.0054279,0.000734343,0.000151541459683
127,1.0049425342,1.00487701349,-0.495628724384,1.00483839961,-0.754141170085,1.00487242595,-0.526355364834,1.00492061684,-0.203737389557,1.0049425353,-0.0570024117888,0.003276799,1.00495105,0.000730689,0.000149374464418
128,1.004288538,1.00422789142,1.25291702058,1.0041914964,1.00296722821,1.00422724586,1.24846898442,1.00427220945,1.557252942,1.004288539,1.6693948849,0.003686399,1.00404545,0.000647889,0.000145615039286
129,1.00377064354,1.00371407617,-0.321301939853,1.00367952842,-0.563826273825,1.00371791238,-0.294387564813,1.00375986673,0.000117427974602,1.00377064447,0.0757734169495,0.004096,1.00375985,0.00077328,0.000142457157814
130,1.00335156573,1.00329800295,-0.431776901703,1.00326523934,-0.666216159521,1.00330683788,-0.36857595273,1.00334603313,-0.0881287895276,1.00335156658,-0.0485362668812,0.004505599,1.00335835,0.000770167,0.000139759848009
131,1.00300635243,1.0029553715,-0.905055592504,1.00292462658,-1.12878967372,1.00296894788,-0.806277515896,1.00300563555,-0.539311088719,1.00300635322,-0.53408878553,0.004915199,1.00307975,0.000460901,0.000137424295881
132,1.00271770382,1.00266948462,-0.213206088141,1.00264077986,-0.425249994524,1.0026869126,-0.0844843413846,1.00272133127,0.169755071174,1.00271770456,0.142965811345,0.005324799,1.00269835,0.000449641,0.000135378961134
133,1.00247325993,1.00242811398,-0.508977522915,1.00240134621,-0.70938967213,1.00244838947,-0.357193370836,1.00248075869,-0.114855445426,1.00247326062,-0.170991074756,0.005734399,1.0024961,0.000530392,0.000133570591256
134,1.00226396582,1.00222214284,0.037469230744,1.00219716907,-0.151795818131,1.00224436425,0.205854266948,1.0022748827,0.437127185179,1.00226396647,0.35440252058,0.006143999,1.0022172,0.000728326,0.000131958627243
135,1.00208304342,1.00204468292,-2.18460016887,1.00202135055,-2.36338680621,1.00206810971,-2.00511188788,1.00209695549,-1.78409105136,1.00208304403,-1.8906827932,0.006553599,1.0023298,0.000682053,0.000130511564537
136,1.0017867984,1.00175542519,-1.69995124117,1.00173490552,-1.86024849592,1.00177961215,-1.51102645345,1.00180557122,-1.3082489579,1.00178679895,-1.45488729801,0.007372799,1.00197305,0.000641505,0.000128017512105
137,1.00155536768,1.0015305974,0.360869732741,1.00151236818,0.216117875192,1.00155415007,0.547873108121,1.00157772558,0.735066978511,1.00155536817,0.557545036165,0.008191999,1.00148515,0.000515308,0.000125941696409
138,1.00137035001,1.00135151813,1.54743699898,1.00133515786,1.41568823388,1.00137367771,1.72586811341,1.00139526685,1.89971407329,1.00137035046,1.69907549942,0.009011199,1.00115935,0.000535297,0.000124185450684
139,1.00121959541,1.00120594128,2.71065424248,1.00119111762,2.58981469921,1.00122633681,2.87689687597,1.00124625447,3.03925181991,1.00121959581,2.8219488902,0.009830398,1.0008734,0.000477951,0.000122679688477
