delta_t,msdB,msdR,msdmaxBlue,msdmaxRed,msdminBlue,msdminRed,normB,normR,stdNormB,stdNormR
1.1e-06,[ 0.00182677],[ 0.00356625],[ 0.00124755],[  3.67138121e-17],[ 0.00613432],[ 0.00391295],0.9279037924968407,0.9783894392385717,0.01519406414160295,0.007848869646581672
1.2e-06,[ 0.00244958],[ 0.00181164],[ 0.0002117],[ 0.0005836],[ 0.00353174],[ 0.00440252],0.9619723713846047,0.9712370603644469,0.01114086682421784,0.007251382722821693
1.3e-06,[ 0.00211414],[ 0.00239592],[ 0.0005076],[  8.35910843e-05],[ 0.00445131],[ 0.00424853],0.9503420501220946,0.9750760759708684,0.012896663466858235,0.00797128282559235
1.4e-06,[ 0.00327811],[ 0.00150544],[  1.01586682e-17],[ 0.00107806],[ 0.00360744],[ 0.00559869],0.9681868323992563,0.9618854238776783,0.01368422529768063,0.008415065443013802
1.5e-06,[ 0.00209514],[ 0.00137443],[  1.01586682e-17],[ 0.0001689],[ 0.00354415],[ 0.00411462],0.970871277787661,0.9752943297580522,0.014184669610738377,0.0075556218118225885
1.6e-06,[ 0.00235669],[ 0.00226605],[ 0.00043947],[ 0.00090615],[ 0.00424904],[ 0.00385931],0.952901826414729,0.9722970511511237,0.012529290233225894,0.005621058574811333
1.8000000000000001e-06,[ 0.00287876],[ 0.0024552],[ 0.00100291],[ 0.00139554],[ 0.0040042],[ 0.00441609],0.9491783281841326,0.9663699438184316,0.009796930310438344,0.0056782460990435135
2e-06,[ 0.00316136],[ 0.00213755],[ 0.00091331],[ 0.00144979],[ 0.00343034],[ 0.00494512],0.9554488364003418,0.9631920920108937,0.008331952165681325,0.006526279059435259
2.2e-06,[ 0.00425064],[ 0.00250038],[ 0.00097262],[ 0.00245897],[ 0.00413541],[ 0.00612043],0.9482934290980172,0.9511391571091593,0.01030298245961014,0.006663637250009105
2.4e-06,[ 0.00294492],[ 0.00251433],[ 0.0008906],[ 0.00140413],[ 0.00425972],[ 0.00454413],0.9480205462914635,0.9656240802594611,0.010966875723013636,0.005893390401065698
2.6e-06,[ 0.00374203],[ 0.00316464],[ 0.00145951],[ 0.00238748],[ 0.00500222],[ 0.00514105],0.9354785478354277,0.9567286480173183,0.01121586460595914,0.0050722666779115175
2.799999e-06,[ 0.00413969],[ 0.00302909],[ 0.00097937],[ 0.00253456],[ 0.00527394],[ 0.00580734],0.9380641920672422,0.9523527656118896,0.013665630482903129,0.005972216337674372
2.9999990000000003e-06,[ 0.00374684],[ 0.00379634],[ 0.00223075],[ 0.00211725],[ 0.00547117],[ 0.00544123],0.9236211395994325,0.9566754303057566,0.009992998694078195,0.006121616465443642
3.199999e-06,[ 0.00429202],[ 0.00243284],[ 0.00132055],[ 0.00273315],[ 0.00360102],[ 0.00590966],0.9496169095122112,0.9506873570889393,0.0074543105356490134,0.00577612372965941
3.5999990000000004e-06,[ 0.00431789],[ 0.00333431],[ 0.00195802],[ 0.00283159],[ 0.00479526],[ 0.00585752],0.9322628755738074,0.9504050381486023,0.00892271984579068,0.0054991556912767645
4e-06,[ 0.00446632],[ 0.00317869],[ 0.00202628],[ 0.00266014],[ 0.00439009],[ 0.00635169],0.9352114374115993,0.94878889169122,0.007484724910075718,0.006684703653175031
4.399999e-06,[ 0.00476941],[ 0.00410058],[ 0.00300634],[ 0.00318934],[ 0.0052467],[ 0.00640954],0.918021090043896,0.945505909415939,0.0068261945912839175,0.00579093209163433
4.799999e-06,[ 0.00517385],[ 0.00299297],[ 0.0018094],[ 0.0034732],[ 0.00423914],[ 0.0069439],0.9387557522597829,0.9411609381410578,0.007753943464368007,0.006183011811384088
5.199999e-06,[ 0.00489399],[ 0.00364576],[ 0.00233919],[ 0.00328363],[ 0.00502782],[ 0.00656666],0.9264192123058647,0.9441632326702263,0.00834640655594215,0.005886829018487194
5.599999e-06,[ 0.00523844],[ 0.0044269],[ 0.00325066],[ 0.00389943],[ 0.00566283],[ 0.00662006],0.9120923979017954,0.9404708614245516,0.007250976284663281,0.004840310898513549
5.999999e-06,[ 0.00570666],[ 0.00433376],[ 0.00314215],[ 0.00406514],[ 0.00558681],[ 0.0074123],0.9137764486460047,0.9354983697316591,0.00737669603912174,0.005890581422879366
6.399999e-06,[ 0.00500687],[ 0.00460294],[ 0.00346678],[ 0.0034818],[ 0.00579446],[ 0.00658763],0.9089269286036213,0.942949991186196,0.0069470347763003785,0.0055547991868858376
7.199999e-06,[ 0.00603668],[ 0.00452839],[ 0.00380521],[ 0.00460149],[ 0.00527364],[ 0.00752045],0.9102647082397517,0.9320254348889823,0.004397389101485211,0.0050988311483781724
7.999999e-06,[ 0.00609836],[ 0.00476822],[ 0.00363373],[ 0.00461394],[ 0.00595769],[ 0.00763477],0.9059756602129343,0.9313792372971053,0.006889311466275982,0.005269276686826306
8.799999000000001e-06,[ 0.0066947],[ 0.00476062],[ 0.0036037],[ 0.00509222],[ 0.00597479],[ 0.00835748],0.9061107962433546,0.9251783747937532,0.007031034825885139,0.005618763943268812
9.599999e-06,[ 0.00665713],[ 0.00577531],[ 0.00489385],[ 0.00512324],[ 0.00668885],[ 0.0082462],0.888413101942585,0.9255665582392335,0.005110826261912344,0.005378629119832975
1.04e-05,[ 0.0071909],[ 0.00545231],[ 0.00440716],[ 0.00558369],[ 0.00654321],[ 0.0088584],0.8939684813994448,0.9200821570189623,0.006160090174841235,0.005572319494283736
1.12e-05,[ 0.00739894],[ 0.00579645],[ 0.00490976],[ 0.00583683],[ 0.0067156],[ 0.00901779],0.8880518370105005,0.9179623793448883,0.005137354770376249,0.005387661359684229
1.2e-05,[ 0.00734683],[ 0.00601434],[ 0.00498968],[ 0.00582724],[ 0.00708237],[ 0.00892009],0.8843476918306982,0.91849243590801,0.0059014701324217635,0.005244640784524057
1.28e-05,[ 0.0073275],[ 0.00536157],[ 0.00425096],[ 0.00578007],[ 0.00652409],[ 0.00893063],0.8955421622698202,0.918689280271003,0.006578958955593785,0.005344767826612787
1.4400000000000001e-05,[ 0.00810263],[ 0.00602],[ 0.00512402],[ 0.00650494],[ 0.00694896],[ 0.00975921],0.8842519086003455,0.9108650532758261,0.005145780306614111,0.005425795025314307
1.6e-05,[ 0.00825779],[ 0.00620081],[ 0.00534738],[ 0.00670909],[ 0.007084],[ 0.00986166],0.8812027971248898,0.9093150517442304,0.004861993678912947,0.005238251353252754
1.76e-05,[ 0.00833595],[ 0.00626511],[ 0.00536443],[ 0.0067663],[ 0.00719894],[ 0.00996224],0.880123744784151,0.9085363196216449,0.00512288219227066,0.005301070268207273
1.92e-05,[ 0.00865861],[ 0.00640902],[ 0.00542983],[ 0.00709337],[ 0.0074274],[ 0.01027993],0.8777186012835043,0.905335671874826,0.005546407717676955,0.005247906107795342
2.08e-05,[ 0.00896099],[ 0.00662964],[ 0.00576517],[ 0.00733534],[ 0.00752435],[ 0.010647],0.8740577609500327,0.9023567849827732,0.004842846051410153,0.005417544006941345
2.24e-05,[ 0.00929089],[ 0.00690406],[ 0.00602822],[ 0.00770749],[ 0.00781077],[ 0.01093126],0.869547949223751,0.8991293856506787,0.004854926902282851,0.005235761212436627
2.4e-05,[ 0.00941759],[ 0.00698704],[ 0.00603057],[ 0.00780289],[ 0.00798038],[ 0.01109148],0.8681936907522912,0.897896080477692,0.005293085657170921,0.005326168379791136
2.5599989999999998e-05,[ 0.0093521],[ 0.00696829],[ 0.00601782],[ 0.00778689],[ 0.00795517],[ 0.01097293],0.8684993396151396,0.8985331026020598,0.005263123309483466,0.005167581078386937
2.8800000000000002e-05,[ 0.00971554],[ 0.00709759],[ 0.00621353],[ 0.00817255],[ 0.00801298],[ 0.0113123],0.8663962761598056,0.8950092337197341,0.0048642952800813525,0.005052231434570244
3.2e-05,[ 0.00997466],[ 0.0072533],[ 0.0063802],[ 0.00846668],[ 0.00815684],[ 0.0115338],0.8638776251001087,0.8925138327957058,0.004773834772722907,0.004907635282081464
3.52e-05,[ 0.01021176],[ 0.00766294],[ 0.00687826],[ 0.00866257],[ 0.00847191],[ 0.01181485],0.8573232641549903,0.8902427618573457,0.004215521277004593,0.005017906573991752
3.8399990000000004e-05,[ 0.01051223],[ 0.00781871],[ 0.00693137],[ 0.00898397],[ 0.00873712],[ 0.01209274],0.8548578579367718,0.8873814840688506,0.004747937694074997,0.00491658299725416
4.159999e-05,[ 0.01084824],[ 0.00795279],[ 0.00710099],[ 0.00937594],[ 0.0088331],[ 0.01236877],0.8527473694248217,0.8842037138210254,0.004531267500908298,0.004699119502290393
4.479999e-05,[ 0.01104049],[ 0.00824769],[ 0.00731398],[ 0.00945947],[ 0.00921556],[ 0.01267714],0.8481430918169421,0.8823958612624544,0.004919027804375168,0.005031092102162174
4.799999e-05,[ 0.01111059],[ 0.00829746],[ 0.00741946],[ 0.00943615],[ 0.00920556],[ 0.01284751],0.8473711733503747,0.8817384899901425,0.004611795650442251,0.005325735445631451
5.119999e-05,[ 0.01122687],[ 0.00841316],[ 0.00750171],[ 0.009604],[ 0.00935702],[ 0.01290828],0.845582022127349,0.8806502795433886,0.004769536994273671,0.005145801071631983
5.759999e-05,[ 0.01155704],[ 0.00891793],[ 0.00807494],[ 0.01000344],[ 0.00978828],[ 0.01316398],0.837867196688461,0.8775752337518253,0.004322261510977666,0.004887423345108656
6.399999e-05,[ 0.01188219],[ 0.00915553],[ 0.0083156],[ 0.01025474],[ 0.01002247],[ 0.01356806],0.8342858763161729,0.8745679233004184,0.004268105573648572,0.005088146178826388
7.039999e-05,[ 0.01220336],[ 0.00937867],[ 0.00867756],[ 0.01063449],[ 0.01009841],[ 0.01382624],0.8309510438717554,0.8716178677662764,0.003523925661253494,0.004868234044354236
7.679999e-05,[ 0.01236868],[ 0.00976004],[ 0.00894794],[ 0.01076778],[ 0.01059704],[ 0.01402574],0.8253146354905948,0.8701072187953369,0.004032839806140579,0.004951776646671945
8.319999e-05,[ 0.01270394],[ 0.0100115],[ 0.00922028],[ 0.01107855],[ 0.01082622],[ 0.01438704],0.8216410767536927,0.867059699406306,0.0038914303063817364,0.004993041287581731
8.959998e-05,[ 0.01304827],[ 0.01038769],[ 0.00960086],[ 0.01144159],[ 0.01119758],[ 0.01471108],0.8162078035504802,0.8639521928496827,0.0038165914901571864,0.0048985903566428225
9.599998e-05,[ 0.01324054],[ 0.01082722],[ 0.00997976],[ 0.01161692],[ 0.01170125],[ 0.01492138],0.8099527202905967,0.8622267563792847,0.004050031405209114,0.004931016730591018
0.0001024,[ 0.0135066],[ 0.01060557],[ 0.00971009],[ 0.01186647],[ 0.0115309],[ 0.01520496],0.8130947168291449,0.8598505549731815,0.004317854110549623,0.004954103450409597
0.00011520000000000001,[ 0.01400274],[ 0.01129077],[ 0.01047367],[ 0.01232555],[ 0.01213232],[ 0.01574052],0.8034617357964693,0.855454568098942,0.003838208340990281,0.005015410114286307
0.000128,[ 0.01446279],[ 0.0117798],[ 0.01091024],[ 0.01281569],[ 0.01267683],[ 0.01616799],0.7967289818781912,0.8514186673496715,0.004017767969027189,0.004876692360811207
0.0001408,[ 0.0148202],[ 0.01231666],[ 0.01145947],[ 0.01316588],[ 0.01320026],[ 0.0165329],0.7894699591083726,0.8483096927182473,0.0038853561667370564,0.004862089222083251
0.0001536,[ 0.01537719],[ 0.01290618],[ 0.01199946],[ 0.01368897],[ 0.01384217],[ 0.01712587],0.7816538175743635,0.843509903713831,0.004029547630589238,0.0049065060360350896
0.0001664,[ 0.01580212],[ 0.01324041],[ 0.01236334],[ 0.01413408],[ 0.01414464],[ 0.01752888],0.7772926746429797,0.8398847784500462,0.0038508640256225786,0.004804555936863675
0.0001792,[ 0.01621396],[ 0.01387382],[ 0.01310825],[ 0.01455475],[ 0.01465977],[ 0.017931],0.7691630280571865,0.8364012000650566,0.0032827243032152714,0.004738468180569093
0.000192,[ 0.01671139],[ 0.01414898],[ 0.01328992],[ 0.01503763],[ 0.01503365],[ 0.01844367],0.7656854668631641,0.8322323162066672,0.003655109981367122,0.004732376359224636
0.0002048,[ 0.01711237],[ 0.01461602],[ 0.01377194],[ 0.01548299],[ 0.01548459],[ 0.01879691],0.7598562225761338,0.8289020700787433,0.003534206420847446,0.004567429286816646
0.00023040000000000002,[ 0.01798196],[ 0.01545417],[ 0.0145593],[ 0.01627503],[ 0.01637618],[ 0.01974895],0.7496197760549025,0.8217713045280874,0.003646498993062275,0.004705283914429135
0.000256,[ 0.01865347],[ 0.01612127],[ 0.01525377],[ 0.01696591],[ 0.01701394],[ 0.02039928],0.7416719475490299,0.8163487663487656,0.0034565073838350646,0.004588844842897819
0.0002816,[ 0.01944243],[ 0.01704753],[ 0.01606239],[ 0.01771654],[ 0.01806472],[ 0.02122878],0.7309180703888124,0.8100690763845341,0.00381614962754127,0.00462186435981862
0.0003072,[ 0.02020517],[ 0.01777617],[ 0.01684502],[ 0.01848227],[ 0.01873555],[ 0.02198782],0.722679850313849,0.804089770836671,0.0035206736262436205,0.0045448724741860924
0.0003327999,[ 0.02101333],[ 0.01858224],[ 0.01763101],[ 0.01927095],[ 0.01956252],[ 0.02281632],0.7137844408729411,0.7978504529294866,0.003507162447276714,0.004525062931489011
0.0003583999,[ 0.0216041],[ 0.01923789],[ 0.01827008],[ 0.01984402],[ 0.02023545],[ 0.02342567],0.7067120504939474,0.7933506813227381,0.0034968660034175917,0.004519704550595548
0.0003839999,[ 0.02246953],[ 0.01997309],[ 0.018978],[ 0.02069674],[ 0.02099927],[ 0.02430415],0.6989496088855318,0.7868502092202745,0.0035162135846112273,0.004477607020395565
0.0004095999,[ 0.02310483],[ 0.02079217],[ 0.01976911],[ 0.02133858],[ 0.02184766],[ 0.02493205],0.6905037267432627,0.7821459266376795,0.003527366354267116,0.0044069442841376165
0.0004607999,[ 0.02448338],[ 0.0222476],[ 0.02125509],[ 0.02267957],[ 0.0232699],[ 0.02634992],0.6759976571013951,0.7721297416240128,0.003274653511565915,0.004386275579935696
0.0005119998999999999,[ 0.02586323],[ 0.02352589],[ 0.0224704],[ 0.0240206],[ 0.02461444],[ 0.02777047],0.6637588883768588,0.7623584396432381,0.003357579594680816,0.004368289828435426
0.0005631999,[ 0.02718037],[ 0.02501433],[ 0.02395934],[ 0.02534688],[ 0.02610157],[ 0.02907697],0.6500633235441683,0.753259760600772,0.003215719204223007,0.0042420021086450425
0.0006143998999999999,[ 0.02857463],[ 0.02631872],[ 0.02528533],[ 0.0266981],[ 0.02738242],[ 0.03051644],0.638524067008291,0.7438622875563058,0.0030357258286347103,0.004234519167116975
0.0006655999000000001,[ 0.02982045],[ 0.02767495],[ 0.02661064],[ 0.02790362],[ 0.02877078],[ 0.03180462],0.6269583197865497,0.7356617440536294,0.0030133109328008435,0.004231243250727731
0.0007167999,[ 0.03116347],[ 0.02899472],[ 0.02788967],[ 0.02924727],[ 0.03013314],[ 0.03314609],0.6161034139527567,0.7270215937075576,0.003020855658580616,0.004130166697346511
0.0007679999000000001,[ 0.03244007],[ 0.03032143],[ 0.02917612],[ 0.03051946],[ 0.03150195],[ 0.03442662],0.6055678574088584,0.7189947316098922,0.003024410218557292,0.004048186209620866
0.0008191998,[ 0.03374053],[ 0.03176041],[ 0.03064418],[ 0.03175525],[ 0.03290938],[ 0.03579549],0.594544594404236,0.7109979242658054,0.0028383601729858603,0.004093522412574091
0.0009215999,[ 0.03631918],[ 0.03425917],[ 0.03311497],[ 0.03429337],[ 0.03543663],[ 0.03841589],0.5763350262810452,0.6956551152931937,0.002732256188254472,0.00399894196582887
0.001024,[ 0.03890789],[ 0.03692258],[ 0.03576562],[ 0.03684376],[ 0.03811237],[ 0.041044],0.5581228713639368,0.6809026355102835,0.0025889793177904493,0.003903919594670719
0.0011264,[ 0.04145368],[ 0.03956931],[ 0.03842334],[ 0.03933238],[ 0.0407464],[ 0.04364938],0.5411358507885473,0.6669903430923521,0.002408584714764937,0.0038508414447984947
0.0012288,[ 0.04409371],[ 0.04220602],[ 0.04098215],[ 0.041934],[ 0.04346433],[ 0.04632886],0.5252143497894182,0.6531482735857677,0.002423928144564834,0.003760138336818507
0.0013312,[ 0.04663522],[ 0.04479941],[ 0.0435226],[ 0.04444884],[ 0.04611259],[ 0.04889732],0.5104442355535508,0.6403517995768319,0.0023888090024016327,0.0036593197785075326
0.0014336,[ 0.04928094],[ 0.04767676],[ 0.04643938],[ 0.04700143],[ 0.04894716],[ 0.05164112],0.4949997585143375,0.6275490454701333,0.0021752765973687255,0.0036666111670714792
0.001536,[ 0.05188213],[ 0.05025284],[ 0.04890604],[ 0.04956138],[ 0.05163772],[ 0.05428481],0.4819433233937571,0.6154474194208092,0.00224637531632921,0.003591424118318309
0.0016384,[ 0.05465288],[ 0.05283349],[ 0.05143114],[ 0.05225923],[ 0.05427603],[ 0.05713191],0.469534616679886,0.603055522359306,0.0022209787990716007,0.0035585959189031774
0.0018432000000000001,[ 0.06003594],[ 0.05842629],[ 0.05698406],[ 0.05753692],[ 0.05990865],[ 0.06262442],0.44470987400270795,0.5803395931541923,0.0020495133201821653,0.0034438102732829027
0.002048,[ 0.06560968],[ 0.06408493],[ 0.06259386],[ 0.0630118],[ 0.06561662],[ 0.06830051],0.42211171419044896,0.5585349306023726,0.00191028288108099,0.0033194063931050633
0.0022528,[ 0.07118993],[ 0.06969711],[ 0.06807971],[ 0.06847196],[ 0.07135997],[ 0.0740059],0.40183860307456054,0.5382658742931212,0.0018808071926612957,0.003229401844428595
0.0024576,[ 0.07698158],[ 0.07540004],[ 0.07378154],[ 0.07409419],[ 0.07706184],[ 0.07997557],0.38311730483972095,0.5187058165533749,0.0017120151355855362,0.0031912065261271174
0.0026624,[ 0.08280615],[ 0.0813325],[ 0.07964695],[ 0.079776],[ 0.08306278],[ 0.08594956],0.3653831798579403,0.5003946826713112,0.0016241049235364068,0.003121612648412912
0.0028671990000000004,[ 0.08874115],[ 0.08732682],[ 0.08556259],[ 0.08554885],[ 0.08913784],[ 0.0920548],0.34903104952685127,0.482996446636765,0.001553879289673089,0.0030693437324355575
0.003071999,[ 0.09473545],[ 0.09358471],[ 0.0917819],[ 0.09141122],[ 0.09543413],[ 0.0981868],0.3334240356031238,0.46658691820130244,0.001451422791314974,0.0029876359360308424
0.0032767990000000004,[ 0.10090912],[ 0.10003795],[ 0.09819949],[ 0.09737304],[ 0.10192269],[ 0.10458432],0.31869816033361253,0.4507880681034871,0.00135474293494586,0.002972927452535452
0.0036863990000000004,[ 0.11294799],[ 0.11225032],[ 0.11024099],[ 0.1091684],[ 0.11431068],[ 0.11687669],0.29404218200778875,0.42280069008405885,0.0012660507803420554,0.0028049770667755544
0.004096,[ 0.12522548],[ 0.12480297],[ 0.12267386],[ 0.12117067],[ 0.12698517],[ 0.12944182],0.2722905505051948,0.3975412397253046,0.0011556155645613528,0.0026705819815438106
0.004505599,[ 0.13737643],[ 0.13705851],[ 0.13473656],[ 0.1330515],[ 0.13943943],[ 0.14187504],0.25386704494426726,0.3752705042038043,0.0011010672437455392,0.0025481524971851265
0.004915199,[ 0.14925071],[ 0.14901645],[ 0.14650458],[ 0.14471828],[ 0.15159318],[ 0.15396411],0.2380733986297155,0.35572321055886125,0.001052846068424362,0.0024081984394611574
0.005324799,[ 0.16067039],[ 0.1603408],[ 0.15748776],[ 0.15595264],[ 0.16327312],[ 0.165575],0.22476767322118646,0.3386935020793956,0.0010719265992583439,0.002280419210271698
0.005734399,[ 0.17130876],[ 0.17159814],[ 0.16844697],[ 0.16632081],[ 0.17484123],[ 0.17649702],0.2128844449496015,0.32418378477688725,0.0010677790452402883,0.0022171190279100415
0.006143999,[ 0.18145088],[ 0.18202107],[ 0.17884019],[ 0.17625834],[ 0.18529132],[ 0.18685226],0.2029068215309433,0.311421402727235,0.000982980169090312,0.0021370888946824706
0.006553599,[ 0.19055779],[ 0.19089205],[ 0.18752824],[ 0.18528216],[ 0.19435218],[ 0.19604175],0.19509281170673648,0.30075600241237577,0.0009648477170842558,0.002030525180171577
0.007372799,[ 0.20605173],[ 0.20740431],[ 0.2032961],[ 0.20066847],[ 0.21164757],[ 0.21164015],0.18197795815684192,0.2841327875335558,0.0010345442371283511,0.001857592909479353
0.008191999,[ 0.21840177],[ 0.22017645],[ 0.21551571],[ 0.21306599],[ 0.22500331],[ 0.2239306],0.17293021529631802,0.272089762136732,0.0010670163955659542,0.0016938666862421218
0.009011199000000001,[ 0.22775549],[ 0.22990708],[ 0.22465149],[ 0.22239886],[ 0.2353673],[ 0.23330074],0.16658991154791408,0.263597071748519,0.0011229260547194243,0.0016002517904881023
0.009830398,[ 0.23491941],[ 0.23773581],[ 0.23187061],[ 0.2297816],[ 0.24384984],[ 0.24022652],0.16179952848871165,0.25742614165917943,0.0011879848606562342,0.0014657882001850937
0.0106496,[ 0.24117771],[ 0.2450546],[ 0.23854558],[ 0.23629951],[ 0.25186363],[ 0.24620531],0.1575506955266014,0.25225566376733694,0.0012560477244012676,0.0013376893824299824
0.0114688,[ 0.24789918],[ 0.2519434],[ 0.24484491],[ 0.24296742],[ 0.25939173],[ 0.25298055],0.15373941396536175,0.24691766222867903,0.0013100275252115722,0.0012984749328330467
0.012288,[ 0.25586084],[ 0.26034449],[ 0.25265368],[ 0.25074881],[ 0.26843611],[ 0.26112999],0.14932021188159667,0.2408654422989984,0.0013453619068153776,0.0012844118541402354
0.0131072,[ 0.26633929],[ 0.27263309],[ 0.26406422],[ 0.26091248],[ 0.28168271],[ 0.27193812],0.143270395509466,0.23331570451188227,0.0013895341975710882,0.0012844176316526206
0.014745600000000001,[ 0.29575605],[ 0.3029134],[ 0.29371547],[ 0.28949403],[ 0.31261816],[ 0.30223013],0.13016188918538865,0.2143308058555537,0.0012457805431701876,0.001264212307644439
0.016384,[ 0.33396871],[ 0.34199284],[ 0.33196759],[ 0.32677946],[ 0.35256106],[ 0.34141289],0.1162430936182933,0.1936355592754006,0.0010993916155094892,0.001200354583979026
0.0180224,[ 0.37428835],[ 0.38367986],[ 0.37217383],[ 0.36602659],[ 0.39583556],[ 0.38285847],0.1041716521373786,0.17552567398073496,0.0010307453525271334,0.001149096866155357
0.0196608,[ 0.40589008],[ 0.41814719],[ 0.40552294],[ 0.39699193],[ 0.43149843],[ 0.41512361],0.09582485857324616,0.16341091681790706,0.0009697740969644534,0.0010834383507412942
0.0212992,[ 0.42417057],[ 0.43722967],[ 0.4246508],[ 0.41448218],[ 0.45050128],[ 0.43424343],0.09171607175964094,0.15709056933763982,0.0008903187827987855,0.0010973102956347782
0.0229376,[ 0.42875554],[ 0.44187991],[ 0.42935797],[ 0.41845258],[ 0.45508157],[ 0.43949046],0.09076360465831518,0.15557608706027362,0.0008691108705874775,0.0011473280346920344
0.024576,[ 0.42943325],[ 0.44284918],[ 0.43009597],[ 0.4190667],[ 0.45630673],[ 0.44023662],0.0905673675974802,0.1553545301047851,0.0008820302262712301,0.0011514744927591893
0.02621439,[ 0.43474972],[ 0.44903679],[ 0.43577193],[ 0.42465996],[ 0.46305567],[ 0.44524855],0.08933279624831933,0.15363655634796222,0.0008952151382763296,0.0010970189420235008
0.029491200000000002,[ 0.47699638],[ 0.48995033],[ 0.47701505],[ 0.46689404],[ 0.5035465],[ 0.4874778],0.08189008715852768,0.14114491175965546,0.0007421788338579731,0.000937420608536037
0.032768,[ 0.52272749],[ 0.53730944],[ 0.52553694],[ 0.51144224],[ 0.54958266],[ 0.53445194],0.07458704098851265,0.12959132618977298,0.0005671106838814179,0.0008950820360351552
0.0360448,[ 0.52384158],[ 0.54132748],[ 0.53066757],[ 0.51305418],[ 0.55239353],[ 0.53502885],0.07402213789077157,0.12933168084915211,0.0005053807202430927,0.0008516950748064493
0.03932159,[ 0.50455154],[ 0.52350384],[ 0.51271548],[ 0.49509123],[ 0.5347213],[ 0.51432799],0.07658938714361302,0.13396712703549005,0.0005447638207630445,0.0007956337763701523
0.04259839,[ 0.51490877],[ 0.53712255],[ 0.52580439],[ 0.50478946],[ 0.54890292],[ 0.52538438],0.07461350772258124,0.13144089654062519,0.0005451428037877883,0.0008223990124267539
0.04587519,[ 0.53978168],[ 0.5601397],[ 0.54761405],[ 0.52820305],[ 0.57321238],[ 0.55181043],0.07147802607241902,0.12571903422118116,0.000558594778123387,0.0008684446764442422
0.04915199,[ 0.54155997],[ 0.55920077],[ 0.54424975],[ 0.53003119],[ 0.57493905],[ 0.55353367],0.07160121015686584,0.12532750682754135,0.0006716552433543763,0.0008596421225436228
0.05242879,[ 0.54082026],[ 0.55636906],[ 0.54277975],[ 0.5297911],[ 0.57060869],[ 0.55225641],0.07197507373340345,0.12549009611182807,0.0006149350886422887,0.0008236938581338291
0.05898239,[ 0.62514338],[ 0.65214904],[ 0.63519987],[ 0.61087687],[ 0.66998061],[ 0.64001604],0.06103521088084027,0.10915959903652327,0.0005694450213151379,0.0008271366702760027
0.06553599,[ 0.69115664],[ 0.72686298],[ 0.70779531],[ 0.67322049],[ 0.74694555],[ 0.70997825],0.054414647172857274,0.09888225982757758,0.0005207319081226733,0.000870829921212216
0.07208959,[ 0.80155815],[ 0.85360048],[ 0.82998399],[ 0.77933711],[ 0.8785698],[ 0.82498099],0.04575353419589222,0.08517040039993229,0.00047288272049496294,0.0008241596874838534
0.07864319,[ 0.86873268],[ 0.92967586],[ 0.9065449],[ 0.84415434],[ 0.95400194],[ 0.89468447],0.04166496269772071,0.07841264818847309,0.0003905680677880498,0.0007854597638680046
0.08519679,[ 0.93563598],[ 1.01795572],[ 0.98504968],[ 0.90425607],[ 1.05312584],[ 0.96913758],0.03767765939107935,0.07258830609189917,0.00046779235557624436,0.0008769793041807477
0.09175038,[ 0.9485553],[ 1.02652333],[ 0.99054939],[ 0.91831958],[ 1.06519848],[ 0.98073101],0.03732695720082629,0.07155290555815114,0.0005043594400153637,0.0008220963421039305
0.09830398,[ 0.99520648],[ 1.07451475],[ 1.03363866],[ 0.96148364],[ 1.11875926],[ 1.03125338],0.03546566316964302,0.06802646754492402,0.000524813945080056,0.0008388923976922133
0.1048576,[ 1.02470346],[ 1.10425516],[ 1.05639246],[ 0.99067384],[ 1.1566762],[ 1.06103693],0.03439341313883651,0.06595452464147097,0.0005850851111280946,0.0008002450582801005
0.11796480000000001,[ 1.12826139],[ 1.21964181],[ 1.17356502],[ 1.08871789],[ 1.26953275],[ 1.17067527],0.03073068061351789,0.05950396708226567,0.000458525230213825,0.0007746596394701057
0.131072,[ 1.28077226],[ 1.39969596],[ 1.34017175],[ 1.23649594],[ 1.46489556],[ 1.32826345],0.02623509625378526,0.05184661125621424,0.0004500439391239338,0.0006778531961834176
0.1441792,[ 1.39053801],[ 1.53896661],[ 1.46905751],[ 1.33320917],[ 1.61610212],[ 1.45294914],0.023493525833024925,0.04735356832564039,0.00043647576737892437,0.000751962845764291
0.1572864,[ 1.48441131],[ 1.63072103],[ 1.53888509],[ 1.42017488],[ 1.73468655],[ 1.55469511],0.02195035955016472,0.04403176362782642,0.0005148739408118032,0.0007420312910223481
0.1703936,[ 1.57165627],[ 1.75046862],[ 1.65528985],[ 1.50511882],[ 1.8578031],[ 1.64434704],0.020187914579162962,0.04129820834707867,0.0004597492758706944,0.000685389946041974
0.1835008,[ 1.68785574],[ 1.86931969],[ 1.75548886],[ 1.62092279],[ 1.99977847],[ 1.76059567],0.01867049647650524,0.038096337204591456,0.0004829946191213328,0.0005960367066978067
0.196608,[ 1.80344104],[ 2.01181781],[ 1.89342549],[ 1.71998306],[ 2.14694394],[ 1.89553105],0.01709772577436124,0.035323143904197905,0.00042975106160952957,0.0006548754435319304
0.2097152,[ 1.90132905],[ 2.10507582],[ 1.97924396],[ 1.81902884],[ 2.24908155],[ 1.99157963],0.016189282073232742,0.03324129149583401,0.00041567300413910695,0.0005783717948665512
0.23592960000000002,[ 2.11390458],[ 2.32741533],[ 2.17358588],[ 2.02468615],[ 2.50640134],[ 2.21159129],0.014332419124224293,0.029395832672228433,0.0004139326773902827,0.0005044721438322762
0.262144,[ 2.35404414],[ 2.58229934],[ 2.37782769],[ 2.23112752],[ 2.82853907],[ 2.49187644],0.012619362755620311,0.025907238364999818,0.0004477112860515126,0.0005629591118784465
0.2883584,[ 2.59092993],[ 2.94927144],[ 2.67703778],[ 2.42215033],[ 3.28937777],[ 2.78629071],0.0107054945332332,0.02311989445471244,0.00045522949315531685,0.0006426268050084311
0.3145728,[ 2.77802884],[ 3.12247301],[ 2.80814562],[ 2.59686849],[ 3.52467755],[ 2.98793741],0.00996969537433555,0.021267795752813203,0.0004693904238873737,0.0005963393686721678
0.34078709999999995,[ 3.10275242],[ 3.38158875],[ 3.02645682],[ 2.86120889],[ 3.84228517],[ 3.39199188],0.009020725235158181,0.018607970450994406,0.0004485349314327982,0.0006392774493561243
0.3670015,[ 3.27568828],[ 3.62092675],[ 3.22468577],[ 3.03159963],[ 4.14217421],[ 3.56574676],0.00827489027393013,0.017418055044368354,0.0004335510193239519,0.0005737835479427046
0.3932159,[ 3.54068789],[ 3.94860896],[ 3.49470366],[ 3.27391246],[ 4.55648006],[ 3.85872429],0.007413200477690176,0.015833553754933255,0.00041370604134022054,0.0005320142087482514
0.4194303,[ 3.68512586],[ 4.15852489],[ 3.68870459],[ 3.35573484],[ 4.78469466],[ 4.09268209],0.00693921839580753,0.015072071511267297,0.00038121165258649754,0.0006130763325075302
0.4718590999999999,[ 4.17088789],[ 4.76606763],[ 4.24520282],[ 3.71177378],[ 5.45445429],[ 4.77366675],0.0058248132048559845,0.012924074177115791,0.00031124449335356115,0.0006714796469284564
0.5242879,[ 4.69519145],[ 5.30850866],[ 4.48195592],[ 4.14835185],[ 6.57784816],[ 5.42846976],0.005066513729230735,0.011140118613928267,0.00041258922578733023,0.000623880107440625
0.5767167,[ 5.23048604],[ 5.47523801],[ 4.61797747],[ 4.57616411],[ 6.79670809],[ 6.1330619],0.004866947368816058,0.009717227892245136,0.00039986844191532763,0.0005963216411122497
0.6291455,[ 6.19715285],[ 6.16287308],[ 4.94882857],[ 5.38688133],[ 8.3488873],[ 7.33905816],0.004170546518397479,0.007823003599508374,0.0004593465569789344,0.0005122435530029178
0.6815743000000001,[ 6.52586203],[ 6.27119789],[ 5.02135033],[ 5.5495992],[ 8.54434416],[ 7.99026057],0.004076399195679918,0.007319086923828315,0.0004562571834288808,0.0005640565936894731
0.7340031,[ 7.49452463],[ 7.26320723],[ 5.67947584],[ 6.14762196],[ 10.40098076],[ 9.75239427],0.003359749497314122,0.006117165927713118,0.00042685101796834086,0.0005956568875836104
0.7864318,[ 7.43576867],[ 6.89454746],[ 5.36658534],[ 6.17255557],[ 9.96666778],[ 9.47701214],0.0035989225468286224,0.006180146336705497,0.00046550008820891797,0.0005609892480163425
0.8388606,[ 7.55714172],[ 7.44211649],[ 5.98454534],[ 6.15845434],[ 10.06763907],[ 9.95100254],0.003253305322767779,0.0060512534471026,0.00036020477440649285,0.0006116718961171447
0.9437183000000001,[ 7.97809324],[ 8.2419394],[ 6.56231996],[ 6.40471497],[ 11.37671062],[ 10.80875225],0.0028408913313134696,0.00563813311992133,0.00033325632807980923,0.0006199962410989483
